code	ligand name	ligand smiles	ligand id	link	mutations	path
6H1S	fluconazole	C1=CC(=C(C=C1F)F)C(CN2C=NC=N2)(CN3C=NC=N3)O	TPF	https://files.rcsb.org/download/6H1S.pdb		data/6H1S.pdb
6H1L	tioconazole	C1=CC(=C(C=C1Cl)Cl)C(CN2C=CN=C2)OCC3=C(SC=C3)Cl	FJQ	https://files.rcsb.org/download/6h1l.pdb		data/6H1L.pdb
6H1T	clotrimazole	C1=CC=C(C=C1)C(C2=CC=CC=C2)(C3=CC=CC=C3Cl)N4C=CN=C4	CL6	https://files.rcsb.org/download/6H1T.pdb		data/6H1T.pdb
6H10	voriconazole	CC(C1=NC=NC=C1F)C(CN2C=NC=N2)(C3=C(C=C(C=C3)F)F)O	VOR	https://files.rcsb.org/download/6H1O.pdb		data/6H10.pdb
3KX3	N-Palmitoylglycine	CCCCCCCCCCCCCCCC(=O)NCC(=O)O	140	https://files.rcsb.org/download/3KX3.pdb	L86E	data/3KX3.pdb
404P	S-Omeprazole	CC1=CN=C(C(=C1OC)C)CS(=O)C2=NC3=C(N2)C=C(C=C3)OC	1C6	https://files.rcsb.org/download/4O4P.pdb	A82F,F87V	data/404P.pdb
4KEY	S-Omeprazole	CC1=CN=C(C(=C1OC)C)CS(=O)C2=NC3=C(N2)C=C(C=C3)OC	1C6	https://files.rcsb.org/download/4KEY.pdb	A82F,F87V	data/4KEY.pdb
4KEW	S-Omeprazole	CC1=CN=C(C(=C1OC)C)CS(=O)C2=NC3=C(N2)C=C(C=C3)OC	1C6	https://files.rcsb.org/download/4KEW.pdb	A82F	data/4KEW.pdb
4KF2	Imidazole	C1=CN=CN1	1C6	https://files.rcsb.org/download/4KF2.pdb	A82F,F87V	data/4KF2.pdb
4HGF	Styrene	C=CC1=CC=CC=C1	SYN	https://files.rcsb.org/download/4HGF.pdb		data/4HGF.pdb
3EKD	N-Palmitoylglycine	CCCCCCCCCCCCCCCC(=O)NCC(=O)O	PAM	https://files.rcsb.org/download/3EKD.pdb A264M		data/1SMJ.pdb
1SMJ	palmitoleate	CCCCCCC=CCCCCCCCC(=O)[O-]	PAM	https://files.rcsb.org/download/1SMJ.pdb	A264E	data/4DUF.pdb
4DUF	Serotonin	C1=CC2=C(C=C1O)C(=CN2)CCN	SRO	https://files.rcsb.org/download/4DUF.pdb	F87L,T483L,T268S	data/4DUE.pdb
4DUE	Serotonin	C1=CC2=C(C=C1O)C(=CN2)CCN	SRO	https://files.rcsb.org/download/4DUE.pdb	F87L,T483L,T268S,L437Q	data/4DTW.pdb
4DTW	Serotonin	C1=CC2=C(C=C1O)C(=CN2)CCN	SRO	https://files.rcsb.org/download/4DTW.pdb	L75P	data/4DTZ.pdb
4DTZ	Dopamine	C1=CC(=C(C=C1CCN)O)O	LDP	https://files.rcsb.org/download/4DTW.pdb	L75P 	data/4DUB.pdb
4DUB	Dopamine	C1=CC(=C(C=C1CCN)O)O	LDP	https://files.rcsb.org/download/4DUB.pdb	A328G,T437V	data/6IAO.pdb
6IAO	DTT	C(C(C(CS)O)O)S	DTT	https://files.rcsb.org/download/6IAO.pdb	R47L,E64G,F81I,F87V,E143G,L188Q,Y198C,E267V,H285Y,G415S	data/6LY4.pdb
6LY4	testosterone	CC12CCC3C(C1CCC2O)CCC4=CC(=O)CCC34C	TES	https://files.rcsb.org/download/6LY4.pdb	R47W,S72W,F77Y,V87L,A82L,T88S,M185Q,L188Q,I209T	data/2UWH.pdb
2UWH	Plamitic acid	CCCCCCCCCCCCCCCC(=O)O	PLM	https://files.rcsb.org/download/2UWH.pdb	A82F	data/4HGG.pdb
4HGG	Styrene	C=CC1=CC=CC=C1	SYN	https://files.rcsb.org/download/4HGG.pdb	F87A,T235A,A184R	data/4HGH.pdb
4HGH	Styrene	C=CC1=CC=CC=C1	SYN	https://files.rcsb.org/download/4HGH.pdb	F87A,T235A	data/4HGI.pdb
4HGI	Styrene	C=CC1=CC=CC=C1	SYN	https://files.rcsb.org/download/4HGI.pdb	F87A,T235A	data/6HN8.pdb
6HN8	Troglitazone	CC1=C(C2=C(CCC(O2)(C)COC3=CC=C(C=C3)CC4C(=O)NC(=O)S4)C(=C1O)C)C	TDZ	https://files.rcsb.org/download/6HN8.pdb		data/3CBD.pdb
3CBD	N-Palmitoylglycine	CCCCCCCCCCCCCCCC(=O)NCC(=O)O	140	https://files.rcsb.org/download/3CBD.pdb	V78A,H138Y,T175I,V178I,A184V,H236Q,E252G,R255S,A290V,A295T,L353V	data/5OG9.pdb
5OG9	Testosterone	CC12CCC3C(C1CCC2O)CCC4=CC(=O)CCC34C	TES	https://files.rcsb.org/download/5OG9.pdb	#wifi-wc	data/5DY7.pdb
5DY7	N-Palmitoylglycine	CCCCCCCCCCCCCCCC(=O)NCC(=O)O	140	https://files.rcsb.org/download/5DYZ.pdb	A251G,N307H	data/5EY7.pdb
5EY7	Glycerol	C(C(CO)O)O	GOL	https://files.rcsb.org/download/5E7Y.pdb	#M7	
