code,mutations
6H1S,
6H1L,
6H1T,
6H10,
3KX3,L86E
404P,"A82F,F87V"
4KEY,"A82F,F87V"
4KEW,A82F
4KF2,"A82F,F87V"
4HGF,
3EKD,
1SMJ,A264E
4DUF,"F87L,T483L,T268S"
4DUE,"F87L,T483L,T268S,L437Q"
4DTW,L75P
4DTZ,L75P 
4DUB,"A328G,T437V"
6IAO,"R47L,E64G,F81I,F87V,E143G,L188Q,Y198C,E267V,H285Y,G415S"
6LY4,"R47W,S72W,F77Y,V87L,A82L,T88S,M185Q,L188Q,I209T"
2UWH,A82F
4HGG,"F87A,T235A,A184R"
4HGH,"F87A,T235A"
4HGI,"F87A,T235A"
6HN8,
3CBD,"V78A,H138Y,T175I,V178I,A184V,H236Q,E252G,R255S,A290V,A295T,L353V"
5OG9,#wifi-wc
5DY7,"A251G,N307H"
5EY7,#M7
