,0
3ekb,['A264C']
2nnb,['Q403K']
3ben,[]
1yqo,['T268A']
1p0v,['F393A']
1p0x,['F393Y']
2x7y,['F87A']
4dua,"['I263A', 'T268A', 'A328G', 'T438V']"
1yqp,['T268N']
3ekf,['A264Q']
2j1m,[]
2ij4,['A264K']
2j4s,[]
1smj,['A264E']
3kx4,['I401E']
4dud,"['R50C', 'F87L', 'T268S', 'L437Q', 'T438L']"
3psx,"['N239H', 'I259V', 'A276T', 'L353I']"
3kx3,['L86E']
4du2,"['L75P', 'F81L', 'Q189R', 'I263A', 'T268A', 'V286E', 'Y305H', 'I366V']"
2x80,['F87A']
3cbd,"['V78A', 'H138Y', 'T175I', 'V178I', 'A184V', 'H236Q', 'E252G', 'R255S', 'A290V', 'A295T', 'L353V']"
4dub,"['I263A', 'T268A', 'A328G', 'T438V']"
1p0w,['F393W']
3hf2,['I401P']
4dtw,"['L75P', 'Q189R', 'I263A', 'T268A', 'V286E']"
3m4v,['A330P']
2ij2,[]
4dqk,"['K113H', 'Y115A', 'H116F', 'A117S', 'M118T', 'M119N', 'I122V', 'V124S', 'Q125K', 'L126E', 'V127L', 'K129Q', 'W130P', 'E131G', 'R132S', 'L133A', 'N134R', 'A135S', 'D136T', 'E137R', 'V143L', 'E145K', 'D146E', 'M147A', 'T148S', 'R149Y', 'L150Q', 'T151E', 'L152G', 'T154H', 'I155L', 'L157V', 'C158I', 'G159P', 'F160R', 'N179Q', 'S180Q', 'F181I', 'Y182R', 'R183L', 'D184E', 'Q185A', 'P186A', 'P188L', 'F189P', 'I190L', 'T191A', 'S192K', 'M193T', 'A196S', 'L197V', 'D198E', 'K203L', 'R206Y', 'A207V', 'N208E', 'P209L', 'D210Q', 'A213V', 'Y214T', 'D215R', 'E216T', 'N217Q', 'K218L', 'Q220A', 'F221M', 'Q222A', 'E223A', 'D224K', 'I225T', 'K226V', 'V227A', 'M228P', 'N229P', 'D230H', 'L231K', 'D233E', 'K235E', 'I236A', 'I237L', 'A238L', 'D239E', 'R240K', 'K241Q', 'S243Y', 'G244K', 'L250V', 'T252A', 'H253K', 'M254R', 'N256T', 'G257M', 'K258L', 'T262L', 'G263L', 'P265K', 'L266Y', 'D267P', 'D268A', 'E269C', 'N270E', 'I271M', 'R272K', 'Y273F', 'T277S', 'F278E', 'L279F', 'S294R', 'F295P', 'A296R', 'L297Y', 'F299S', 'L300I', 'V301S', 'K302S', 'N303S', 'H305R', 'A311D', 'E313K', 'A314Q', 'R316S', 'V317I', 'L318T', 'D320S', 'P321V', 'P323S', 'S324G', 'Y325E', 'K326A', 'Q327W', 'V328S', 'K329G', 'Q330Y', 'L331G', 'K332E', 'V334K', 'M336I', 'V337A', 'L338S', 'A355L', 'K356A', 'E368Q', 'K369E', 'E372T', 'L373I', 'M374T', 'V375C', 'L376F', 'P378S', 'Q379T', 'L380P', 'H381Q', 'R382S', 'D383E', 'K384F', 'I386L', 'E397K', 'R398D', 'F399P', 'N401T', 'S405M', 'A406V', 'I407G', 'Q409G', 'H410T', 'A411G', 'F412V', 'K413A', 'A421G', 'C422F', 'I423V', 'G424Q', 'Q425A', 'Q426R', 'F427K', 'A428Q', 'H430K', 'A432Q', 'T433G', 'L434Q', 'V435S', 'M438E', 'M439A', 'L440H', 'K441L', 'H442Y', 'D444G', 'F445C', 'E446R', 'D447S', 'T450E', 'N451D', 'D455Y', 'I456Q', 'K457E', 'T459L', 'L460E', 'T461N', 'L462A', 'K463Q', 'P464S', 'F467I', 'V468I', 'V470L', 'K471H', 'A472T', 'K473A', 'S474F', 'K475S', 'K476R', 'I477M', 'G481N', 'I482Q', 'S484K', 'P485T', 'S486Y', 'T487V', 'E488Q', 'S494D', 'A495G', 'V498L', 'R499I', 'K500E', 'K501L', 'A502L', 'E503D', 'N504Q']"
3wsp,[]
4dty,"['L75P', 'Q189R', 'I263A', 'T268A', 'V286E']"
3dgi,"['F87A', 'T268A']"
3qi8,"['L52I', 'I58V', 'L75R', 'F87A', 'H100R', 'S106R', 'F107L', 'A135S', 'F162I', 'A184V', 'N239H', 'S274T', 'L324I', 'V340M', 'I366V', 'K434E', 'E442K', 'V446I']"
3npl,"['C62A', 'K97C', 'C156S']"
4due,"['R50C', 'F87L', 'T268S', 'L437Q', 'T438L']"
3kx5,['F261E']
3ekd,['A264M']
1smi,['A264E']
1jme,['F393H']
4duc,"['R50C', 'F87L', 'T268S', 'T438L']"
4dql,"['M291T', 'T292A', 'I293F', 'K294S', 'E295R', 'F303Y', 'L306V', 'K307Q', 'N308H', 'L309V', 'L312M', 'N313E', 'T314Q', 'K316G', 'Q319K', 'A320K', 'M322I', 'K323E', 'I324L', 'A325L', 'E327Q', 'L328G', 'G329A', 'E330H', 'I331F', 'F332Y', 'K338S', 'F339Q', 'E340M', 'G343A', 'R347T', 'V348L', 'T349M', 'R350K', 'Y351S', 'L352Y', 'S353A', 'S354D', 'Q355V', 'R356H', 'L357Q', 'I358V', 'K359S', 'E364A', 'S365R', 'R366L', 'F367W', 'D368L', 'K369Q', 'N370Q', 'S372E', 'Q373E', 'A374K', 'L375G', 'K376R', 'F377Y', 'V378A', 'R379K', 'F382W']"
2uwh,['A82F']
2ij3,['A264H']
4dtz,"['L75P', 'Q189R', 'I263A', 'T268A', 'V286E']"
4duf,"['R50C', 'F87L', 'T268S', 'T438L']"
